CLUSTER,QTD_MUNICIPIOS,NU_NOTA_CN_MEDIA,NU_NOTA_CH_MEDIA,NU_NOTA_LC_MEDIA,NU_NOTA_MT_MEDIA,NU_NOTA_REDACAO_MEDIA,RENDA_FAMILIAR_SM_MEDIA
0,450,461.87800291257025,483.5829206863967,470.21947842992273,481.2018302160371,547.4862199416898,1.4009488712991982
1,693,480.30274805253856,511.2421543588983,500.94505536491164,517.2607839777061,600.7084100508699,1.9232512368098784
2,569,504.6479402331488,542.1816219388228,533.2782381430802,563.4718275101801,648.5273392750927,3.1710640077978294
