CLUSTER,QTD_MUNICIPIOS,NU_NOTA_CN_MEDIA,NU_NOTA_CH_MEDIA,NU_NOTA_LC_MEDIA,NU_NOTA_MT_MEDIA,NU_NOTA_REDACAO_MEDIA,RENDA_FAMILIAR_SM_MEDIA
0,583,480.9347415774149,482.1819228326615,475.06155862437737,474.02498980028787,470.23415780436,1.38998568457916
1,624,500.359984090473,509.1551693762479,500.5227069266158,503.6511935859935,512.0498495931859,1.9523395681535909
2,483,523.7729230091793,537.0844873274918,525.0855768427954,540.9267871707164,547.7830339076322,2.896162276539907
