CLUSTER,QTD_MUNICIPIOS,NU_NOTA_CN_MEDIA,NU_NOTA_CH_MEDIA,NU_NOTA_LC_MEDIA,NU_NOTA_MT_MEDIA,NU_NOTA_REDACAO_MEDIA,RENDA_FAMILIAR_SM_MEDIA
0,443,453.48214377184024,477.0117767404699,475.61024326765096,461.5781457990025,546.100865280754,1.3287675473675902
1,697,478.69357766655924,507.6557631802623,503.834010470237,505.911653725806,601.9611484929443,1.8742366856498665
2,575,508.53502608383974,540.8040012034155,533.6344277254383,560.2950225468282,645.9416941781903,3.0596009194497205
