CLUSTER,QTD_MUNICIPIOS,NU_NOTA_CN_MEDIA,NU_NOTA_CH_MEDIA,NU_NOTA_LC_MEDIA,NU_NOTA_MT_MEDIA,NU_NOTA_REDACAO_MEDIA,RENDA_FAMILIAR_SM_MEDIA
0,436,489.9798088025372,547.2390930324132,534.1552899097983,511.8720522513222,547.0566250871249,2.857207138721493
1,628,452.0948182031563,499.60363957303,488.8504387614915,451.64062382239126,479.42837951252636,1.4702062851845397
2,628,468.56390134407286,523.9636586654826,511.50105840879445,478.3096222772152,513.9699373270643,2.0289685256073766
