CLUSTER,QTD_MUNICIPIOS,NU_NOTA_CN_MEDIA,NU_NOTA_CH_MEDIA,NU_NOTA_LC_MEDIA,NU_NOTA_MT_MEDIA,NU_NOTA_REDACAO_MEDIA,RENDA_FAMILIAR_SM_MEDIA
0,631,467.88010556870154,548.4790541360271,492.1149631949189,452.54122953057515,516.6051401745607,2.0820455648352643
1,570,447.23866819955737,527.1763361863574,467.0600886934728,426.70137703011824,487.5267128782837,1.54407282838342
2,487,491.2459269301956,569.5562234802854,517.6115017324709,489.45844415855333,544.9201607646125,3.0616546818812735
