CLUSTER,QTD_MUNICIPIOS,NU_NOTA_CN_MEDIA,NU_NOTA_CH_MEDIA,NU_NOTA_LC_MEDIA,NU_NOTA_MT_MEDIA,NU_NOTA_REDACAO_MEDIA,RENDA_FAMILIAR_SM_MEDIA
0,677,476.28585078587804,494.9893385806112,512.2186208402688,503.7843851415427,611.5384753356255,1.7873844977216813
1,556,507.8578862651149,530.6887897241648,540.7626136715965,548.5255076021293,659.411922969604,2.9531779170537087
2,484,452.84582759636237,461.0479158475181,482.73673418078005,469.3879839288664,550.7104780172839,1.2083377706104528
