CLUSTER,QTD_MUNICIPIOS,NU_NOTA_CN_MEDIA,NU_NOTA_CH_MEDIA,NU_NOTA_LC_MEDIA,NU_NOTA_MT_MEDIA,NU_NOTA_REDACAO_MEDIA,RENDA_FAMILIAR_SM_MEDIA
0,442,507.8960987278845,586.3360902146622,543.2662049458883,555.4128146369537,539.0109830002315,3.1065232269309906
1,610,461.19434032124224,531.9615244153104,489.22116264993224,492.41404578368974,451.082905632151,1.4866366345402005
2,638,482.09738906826357,559.8448853211039,516.605472970571,520.1509788498932,491.7494499569148,2.106500182571203
