CLUSTER,QTD_MUNICIPIOS,NU_NOTA_CN_MEDIA,NU_NOTA_CH_MEDIA,NU_NOTA_LC_MEDIA,NU_NOTA_MT_MEDIA,NU_NOTA_REDACAO_MEDIA,RENDA_FAMILIAR_SM_MEDIA
0,425,450.0373664440917,470.28252802092504,454.4648676176018,475.82470390246465,546.9199701328017,1.3954984278882325
1,695,473.060205247617,499.9432874744908,484.1724321066753,508.3425482448794,597.5206983636623,1.9699494781382914
2,592,503.5993876669447,536.2055779175062,517.8630872940523,554.2299640735833,636.6713738347963,3.252715543142942
