CLUSTER,QTD_MUNICIPIOS,NU_NOTA_CN_MEDIA,NU_NOTA_CH_MEDIA,NU_NOTA_LC_MEDIA,NU_NOTA_MT_MEDIA,NU_NOTA_REDACAO_MEDIA,RENDA_FAMILIAR_SM_MEDIA
0,590,452.96328423757063,468.8876645974221,484.62757388736253,464.7151737327946,519.4990470982085,1.2577151249105494
1,630,478.1016773803329,500.54517432346205,515.3447544230866,503.6369675316985,562.650304099281,1.7688646672009316
2,491,507.5759998848174,535.4396634082158,543.5357787415238,550.7415828876543,604.0990371647295,2.6937617736930157
