CLUSTER,QTD_MUNICIPIOS,NU_NOTA_CN_MEDIA,NU_NOTA_CH_MEDIA,NU_NOTA_LC_MEDIA,NU_NOTA_MT_MEDIA,NU_NOTA_REDACAO_MEDIA,RENDA_FAMILIAR_SM_MEDIA
0,575,441.05675427077375,468.5908102273476,486.265067635672,474.03163932963923,515.5321850473184,1.4553155388302585
1,482,492.6651000346041,525.27836478215,535.4817498665232,547.4028026147861,598.3946406740831,3.0763848592846923
2,635,464.75114381501623,496.4067338375299,511.73172261200966,506.67904060260213,557.3846923066818,2.044517868854758
