CLUSTER,QTD_MUNICIPIOS,NOTA_CN_MEDIA,NOTA_CH_MEDIA,NOTA_LC_MEDIA,NOTA_MT_MEDIA,NOTA_REDACAO_MEDIA,RENDA_FAMILIAR_SM_MEDIA
0,452,452.4052597126846,474.2514484561651,458.09707661251076,478.107570389945,580.8240663137353,1.0542192625135214
1,702,475.2131716251558,503.2445276577387,487.4489444106167,511.58380668258906,618.4239080928068,1.5843804559545438
2,558,503.7812297378614,537.4568068994089,518.9326610066848,554.9214193400102,649.2286089151135,2.635421227339693
