CLUSTER,QTD_UFS,NOTA_CN_MEDIA,NOTA_CH_MEDIA,NOTA_LC_MEDIA,NOTA_MT_MEDIA,NOTA_REDACAO_MEDIA,RENDA_FAMILIAR_SM_MEDIA
0,7,470.1961120641632,498.6974379687437,480.3570054737468,498.3548021094561,608.8849259045129,1.2852981326180253
1,12,482.36555008923773,511.4146420486359,493.714925133146,520.4837494122452,633.0616791928592,1.3659215398505378
2,8,505.20705508439625,540.3487173720495,520.7194125212312,553.518297734528,645.8691774053048,2.533006710718038
