CLUSTER,QTD_MUNICIPIOS,NOTA_CN_MEDIA,NOTA_CH_MEDIA,NOTA_LC_MEDIA,NOTA_MT_MEDIA,NOTA_REDACAO_MEDIA,RENDA_FAMILIAR_SM_MEDIA
0,629,455.464414878166,472.99655841213877,489.9420151040384,467.765784117832,542.9681296222062,0.8791827613408918
1,638,481.0103716657977,505.07961233648416,519.905774786433,508.2743225452712,577.8525631396067,1.3597190318469312
2,444,508.8284120497567,537.4463194026872,545.6803520324798,552.5645405654606,614.5009248660043,1.9842408564038985
