CLUSTER,QTD_UFS,NOTA_CN_MEDIA,NOTA_CH_MEDIA,NOTA_LC_MEDIA,NOTA_MT_MEDIA,NOTA_REDACAO_MEDIA,RENDA_FAMILIAR_SM_MEDIA
0,10,470.78245263501367,491.1335737534729,505.5499056042112,485.36015624197324,563.4610430627929,0.9640201382607646
1,9,483.92000349745115,505.28545175476614,519.8280543681981,508.8047118174255,589.0727169338193,1.0890662207488884
2,8,505.3053984515652,534.4597081621004,543.2332900187189,543.7886571099351,604.5436139206884,1.8190908225284743
