CLUSTER,QTD_MUNICIPIOS,NOTA_CN_MEDIA,NOTA_CH_MEDIA,NOTA_LC_MEDIA,NOTA_MT_MEDIA,NOTA_REDACAO_MEDIA,RENDA_FAMILIAR_SM_MEDIA
0,465,456.5399625163198,478.18129845834045,476.1721968234142,465.1955103348693,549.1216886227443,0.9111717433759992
1,685,481.45929135110674,508.0679665436608,503.9356178449926,508.6029093903289,602.8729703913282,1.3446962433098226
2,600,511.0220684321738,541.1194055311066,533.6856059719782,562.6227200387759,645.4910027473916,2.213514319347046
