CLUSTER,QTD_UFS,NOTA_CN_MEDIA,NOTA_CH_MEDIA,NOTA_LC_MEDIA,NOTA_MT_MEDIA,NOTA_REDACAO_MEDIA,RENDA_FAMILIAR_SM_MEDIA
0,9,477.625374483499,503.38381714064053,499.1878893809084,496.5711846559473,593.5234519796514,1.0810752632038199
1,10,491.70447792030274,518.2622205727843,512.6766942488891,522.8199874115621,618.8234779802539,1.253888684641285
2,8,514.0293859335837,544.2014922964294,536.508587780392,562.9772363937888,643.0710542859833,2.095101783343394
