CLUSTER,QTD_MUNICIPIOS,NOTA_CN_MEDIA,NOTA_CH_MEDIA,NOTA_LC_MEDIA,NOTA_MT_MEDIA,NOTA_REDACAO_MEDIA,RENDA_FAMILIAR_SM_MEDIA
0,576,442.7014705964556,471.45426441639444,489.1770196467982,475.8836312921564,543.6258468669911,1.058884079688154
1,650,466.49223286366026,499.0529675793421,514.0874707335984,509.2154594695114,576.0979368458563,1.5441957095229777
2,466,493.98359268385605,527.0681558807304,536.9637574114696,549.2942484074374,610.8062794069441,2.26086906836296
