CLUSTER,QTD_UFS,NOTA_CN_MEDIA,NOTA_CH_MEDIA,NOTA_LC_MEDIA,NOTA_MT_MEDIA,NOTA_REDACAO_MEDIA,RENDA_FAMILIAR_SM_MEDIA
0,9,457.8202382934942,489.4772351483464,504.7094711608977,490.2444635924004,565.8256209381212,1.172360342870382
1,10,471.3929127800752,502.19875378820853,516.1430645144461,513.9900129790394,592.9666763698025,1.2688721965459764
2,8,492.7734171730727,527.856164148818,537.2431597699921,544.4932489956246,606.6664420243637,2.1062220133979093
