CLUSTER,QTD_MUNICIPIOS,NOTA_CN_MEDIA,NOTA_CH_MEDIA,NOTA_LC_MEDIA,NOTA_MT_MEDIA,NOTA_REDACAO_MEDIA,RENDA_FAMILIAR_SM_MEDIA
0,580,480.9700170146459,482.65013056353973,475.2058513744637,474.0801393036007,470.2569145411169,0.9856860907716192
1,625,500.3507977139208,509.39210471189915,500.55883856480455,503.6088389134193,512.085117158397,1.4654241859781543
2,485,523.77076878028,537.3563675333113,525.1847281956535,540.9151601614235,547.7313796734097,2.18099457406462
