CLUSTER,QTD_UFS,NOTA_CN_MEDIA,NOTA_CH_MEDIA,NOTA_LC_MEDIA,NOTA_MT_MEDIA,NOTA_REDACAO_MEDIA,RENDA_FAMILIAR_SM_MEDIA
0,10,493.49199134137336,499.0959544195874,491.3080001089244,488.36366632110605,498.1123640565379,1.0832424114450299
1,9,505.07217249364777,512.4760077563479,503.655287387736,508.34061108714286,521.7048893919388,1.2327064470721572
2,8,523.3724825071666,537.2738956671556,526.0688399076555,537.5404690182957,545.1457418325175,2.012891004969938
