CLUSTER,QTD_UFS,NOTA_CN_MEDIA,NOTA_CH_MEDIA,NOTA_LC_MEDIA,NOTA_MT_MEDIA,NOTA_REDACAO_MEDIA,RENDA_FAMILIAR_SM_MEDIA
0,7,478.8335993439222,510.2042103785453,498.19601849211375,507.9372786974699,624.4816400851274,1.1558108248215206
1,12,490.84840320425525,522.9209042919315,512.0459923481479,531.6052177458406,650.6045255655067,1.2236197820247634
2,8,509.00542957978746,547.8112397541879,538.7117640952424,565.8027087553367,665.9341258505254,2.1624240590873445
