CLUSTER,QTD_MUNICIPIOS,NOTA_CN_MEDIA,NOTA_CH_MEDIA,NOTA_LC_MEDIA,NOTA_MT_MEDIA,NOTA_REDACAO_MEDIA,RENDA_FAMILIAR_SM_MEDIA
0,445,463.4716392274671,487.73303518392214,474.9251125279323,483.99897255665707,593.7344921837239,0.9940378066090988
1,713,482.4310120698701,515.0049814317719,504.84905651977516,521.6250840827577,634.4109208947234,1.4108159711205492
2,554,506.13763184397226,544.7310894735692,535.6750002046958,566.3981314015804,668.6196620624526,2.2716713992123547
