CLUSTER,QTD_MUNICIPIOS,NOTA_CN_MEDIA,NOTA_CH_MEDIA,NOTA_LC_MEDIA,NOTA_MT_MEDIA,NOTA_REDACAO_MEDIA,RENDA_FAMILIAR_SM_MEDIA
0,597,460.916407474962,532.1595618286173,489.1727588004201,492.08234002527377,450.473761364733,1.077699753571364
1,641,481.07940207245895,559.3554668079993,515.8775899400891,518.7040312767472,490.351573479151,1.5875051878787891
2,452,505.4516394133233,585.2041192778402,541.9519470623188,552.1861107319327,535.0385477334694,2.311127402993385
