CLUSTER,QTD_UFS,NOTA_CN_MEDIA,NOTA_CH_MEDIA,NOTA_LC_MEDIA,NOTA_MT_MEDIA,NOTA_REDACAO_MEDIA,RENDA_FAMILIAR_SM_MEDIA
0,10,473.6140180561687,547.7817227272152,506.17333899859034,505.9965173982205,476.63153626820747,1.1752924898802664
1,9,484.4400303441283,560.707544456237,518.0009891375611,522.6092224386634,502.478822134133,1.3085576912583468
2,8,503.0415650147459,584.2704330110647,541.2302525748742,547.2068615991437,528.3294920525766,2.1243947188518164
