CLUSTER,QTD_MUNICIPIOS,NOTA_CN_MEDIA,NOTA_CH_MEDIA,NOTA_LC_MEDIA,NOTA_MT_MEDIA,NOTA_REDACAO_MEDIA,RENDA_FAMILIAR_SM_MEDIA
0,575,447.70550211521896,528.3340052543532,468.4306854136363,427.2711647400262,497.7294556053323,1.1506478606676354
1,627,467.87505141624956,548.9493678525071,492.8927634946517,452.50239330324354,523.4653402201697,1.6685393138310591
2,486,489.5310399203844,568.8628150441637,517.3385172029459,486.60924454365477,548.5282229621901,2.5138354872599056
