CLUSTER,QTD_UFS,NOTA_CN_MEDIA,NOTA_CH_MEDIA,NOTA_LC_MEDIA,NOTA_MT_MEDIA,NOTA_REDACAO_MEDIA,RENDA_FAMILIAR_SM_MEDIA
0,11,462.04397002260174,541.7315023816498,485.3935954015856,437.79766646272947,520.3105422960299,1.3229508744118137
1,8,471.0818321637519,551.487484266054,495.37730584697243,453.7489832324855,533.4727743310817,1.337478662496381
2,8,487.3500901930457,567.8867150196926,516.5724388532861,479.94736268682556,547.1728861578287,2.339889736613554
