CLUSTER,QTD_MUNICIPIOS,NOTA_CN_MEDIA,NOTA_CH_MEDIA,NOTA_LC_MEDIA,NOTA_MT_MEDIA,NOTA_REDACAO_MEDIA,RENDA_FAMILIAR_SM_MEDIA
0,644,452.988749257132,501.87988297486845,490.8680686927207,453.03366695857,498.0829934719066,1.0643836132602074
1,622,469.40152980253475,525.5447126240562,513.2176175275125,479.57720425412543,526.6479677706136,1.5600394727038969
2,426,489.53852739846064,547.5127503188453,534.8556575618192,511.2121589393215,555.2821267563595,2.1764508004897363
