CLUSTER,QTD_UFS,NOTA_CN_MEDIA,NOTA_CH_MEDIA,NOTA_LC_MEDIA,NOTA_MT_MEDIA,NOTA_REDACAO_MEDIA,RENDA_FAMILIAR_SM_MEDIA
0,11,463.108441818594,517.4462564963086,503.75245425621904,465.0531647740807,517.663767942552,1.2001597892132079
1,8,473.01608488752316,528.030284479264,514.1204030095082,479.9813046922448,536.2681177379585,1.2023311167390576
2,8,487.130019295925,547.2357183561742,532.5631967072765,505.7975451945089,551.9384639131647,1.9939343246300187
